{
  "teacher": {
    "model_path": "python_api\\trained_models\\ensemble_base_gradient_boosting.pkl",
    "model_type": "GradientBoostingRegressor",
    "size_kb": 581.3046875,
    "latency_ms_mean": 0.7069909999881929,
    "latency_ms_std": 0.08859355975437969,
    "metrics": {
      "rmse": 7344.2326879975635,
      "mae": 3817.2269589626626,
      "r2": -278.77081307651673
    }
  },
  "student": {
    "model_path": "python_api\\trained_models\\distilled_price_model.pkl",
    "model_type": "DecisionTreeRegressor",
    "max_depth": 8,
    "size_kb": 10.4599609375,
    "latency_ms_mean": 0.07113399991794722,
    "latency_ms_std": 0.04586813311736173,
    "metrics": {
      "rmse": 7353.376199204545,
      "mae": 3830.7156269236293,
      "r2": -279.4678715910863
    }
  },
  "comparison": {
    "speedup": 9.938861877635226,
    "size_reduction_percent": 98.20060612576775,
    "accuracy_retention_percent": 99.87550079640145,
    "recommendation": "Student model ready for production serving"
  },
  "benchmark_config": {
    "n_inference_samples": 500,
    "n_trials": 100,
    "dataset_size": 915,
    "train_size": 732,
    "test_size": 183
  }
}