{
  "timestamp": "2025-11-30T08:34:49.120012",
  "dataset": {
    "total_phones": 915,
    "total_brands": 19,
    "year_range": "2014 - 2025",
    "columns": [
      "Company Name",
      "Model Name",
      "Mobile Weight",
      "RAM",
      "Front Camera",
      "Back Camera",
      "Processor",
      "Battery Capacity",
      "Screen Size",
      "Launched Price (Pakistan)",
      "Launched Price (India)",
      "Launched Price (China)",
      "Launched Price (USA)",
      "Launched Price (Dubai)",
      "Launched Year"
    ]
  },
  "top_brands": {
    "Oppo": 115,
    "Apple": 97,
    "Honor": 91,
    "Samsung": 88,
    "Vivo": 86,
    "Realme": 69,
    "Motorola": 62,
    "Infinix": 55,
    "OnePlus": 53,
    "Huawei": 42
  },
  "numeric_summaries": {
    "Mobile Weight": {
      "min": 135.0,
      "max": 732.0,
      "mean": 228.91409836065577,
      "median": 195.0
    },
    "RAM": {
      "min": 1.0,
      "max": 16.0,
      "mean": 7.789071038251366,
      "median": 8.0
    },
    "Front Camera": {
      "min": 2.0,
      "max": 60.0,
      "mean": 18.16677595628415,
      "median": 16.0
    },
    "Back Camera": {
      "min": 5.0,
      "max": 200.0,
      "mean": 46.491584699453554,
      "median": 50.0
    },
    "Battery Capacity": {
      "min": 2.0,
      "max": 11200.0,
      "mean": 1736.0918032786885,
      "median": 5.0
    },
    "Screen Size": {
      "min": 5.0,
      "max": 14.6,
      "mean": 7.092677595628415,
      "median": 6.67
    },
    "Launched Price (Pakistan)": {
      "min": 15999.0,
      "max": 604999.0,
      "mean": 126513.79016393442,
      "median": 89999.0
    },
    "Launched Price (India)": {
      "min": 5999.0,
      "max": 274999.0,
      "mean": 51070.46120218579,
      "median": 35990.0
    },
    "Launched Price (China)": {
      "min": 499.0,
      "max": 17999.0,
      "mean": 3854.03825136612,
      "median": 2900.0
    },
    "Launched Price (USA)": {
      "min": 79.0,
      "max": 39622.0,
      "mean": 631.6990819672131,
      "median": 449.0
    },
    "Launched Price (Dubai)": {
      "min": 299.0,
      "max": 11099.0,
      "mean": 2199.7377049180327,
      "median": 1699.0
    },
    "Launched Year": {
      "min": 2014.0,
      "max": 2025.0,
      "mean": 2022.2054644808743,
      "median": 2023.0
    }
  }
}