{
  "dataset": {
    "n_samples": 915,
    "n_features": 13,
    "feature_columns": [
      "RAM",
      "Battery Capacity",
      "Screen Size",
      "Mobile Weight",
      "Launched Year",
      "spec_density",
      "temporal_decay",
      "battery_weight_ratio",
      "screen_weight_ratio",
      "ram_weight_ratio",
      "ram_battery_interaction_v2",
      "ram_percentile_global",
      "battery_percentile_global"
    ],
    "target_column": "Launched Price (USA)"
  },
  "base_models": {
    "random_forest": {
      "rmse": 1389.7339873397743,
      "mae": 195.16905683924014,
      "r2": -0.04893266829442311
    },
    "elasticnet": {
      "rmse": 1380.259113649094,
      "mae": 387.5452710219938,
      "r2": -0.03467868089861725
    },
    "gradient_boosting": {
      "rmse": 1341.2694304658482,
      "mae": 161.03957791755525,
      "r2": 0.02295108479553498
    },
    "lightgbm": {
      "rmse": 1331.3753215962122,
      "mae": 195.5882042476656,
      "r2": 0.037312663245611555
    }
  },
  "meta_learner": {
    "rmse": 1321.672816446516,
    "mae": 207.84910696986216,
    "r2": 0.05129285943010731,
    "weights": {
      "elasticnet": 0.0,
      "gradient_boosting": 0.3075834013965788,
      "lightgbm": 0.4422470096240357,
      "random_forest": 0.0
    }
  },
  "improvement": {
    "best_base_rmse": 1331.3753215962122,
    "ensemble_rmse": 1321.672816446516,
    "delta_rmse": 9.702505149696208,
    "improvement_percent": 0.7287580738738406
  }
}