{
  "ensemble": {
    "train_rmse": 1364.9274197723912,
    "test_rmse": 656.2450293202684,
    "r2": -1.2337861937555608
  },
  "base_models": {
    "gradient_boosting": {
      "cv_rmse": 1402.3001682956965,
      "test_rmse": 289.2798102616687,
      "r2": 0.5659439674292552
    },
    "xgboost": {
      "cv_rmse": 1412.0063277432637,
      "test_rmse": 276.843899017536,
      "r2": 0.6024612545267061
    },
    "random_forest": {
      "cv_rmse": 1455.2959860297856,
      "test_rmse": 366.5288262039991,
      "r2": 0.3031716349703173
    },
    "extra_trees": {
      "cv_rmse": 1465.530967529783,
      "test_rmse": 280.24761529240544,
      "r2": 0.5926259130460005
    },
    "ridge": {
      "cv_rmse": 1446.8551970434582,
      "test_rmse": 263.7452992573037,
      "r2": 0.6391896354761597
    }
  },
  "best_base_model": "ridge",
  "improvement_pct": -148.81771586763,
  "meta_learner_weights": {
    "gradient_boosting": 2.468928486503369,
    "xgboost": -0.16182786592325524,
    "random_forest": -2.588719761657327,
    "extra_trees": 0.678972887352567,
    "ridge": 0.4838766799216483
  }
}