{
  "price_percentile_global": {
    "grid": [
      0.0010928961748633, 0.07244340359094449, 0.14379391100702568, 0.2151444184231069,
      0.28649492583918806, 0.35784543325526924, 0.4291959406713505, 0.5005464480874317,
      0.5718969555035128, 0.643247462919594, 0.7145979703356752, 0.7859484777517564,
      0.8572989851678376, 0.9286494925839188, 1.0
    ],
    "average_prediction": [
      80.50077010288226, 170.00051980330042, 198.99642253470805, 240.16428369208995,
      290.3071729043614, 329.21360912900377, 380.11041707702367, 448.99174633631833,
      499.9857757771261, 648.9984522414616, 798.9990917431219, 899.0058419113295,
      1048.9940508788304, 1248.9972239485755, 39621.95734195048
    ]
  },
  "spec_density": {
    "grid": [
      0.0268502824858757, 0.03563141204093347, 0.04441254159599124, 0.05319367115104902,
      0.06197480070610678, 0.07075593026116456, 0.07953705981622233, 0.0883181893712801,
      0.09709931892633787, 0.10588044848139565, 0.11466157803645341, 0.12344270759151119,
      0.13222383714656896, 0.1410049667016267, 0.1497860962566845
    ],
    "average_prediction": [
      631.9717837288717, 631.954421434324, 631.9393501058677, 631.9751259566906, 631.9747003691319,
      631.9748244305899, 631.9782523484502, 631.4214338963312, 631.4201513442619, 631.4290991297091,
      631.4291045515514, 631.4291918594826, 631.4291918594826, 631.4291918594826, 631.4291918594826
    ]
  },
  "Screen Size": {
    "grid": [
      5.0, 5.685714285714286, 6.371428571428572, 7.057142857142857, 7.742857142857143,
      8.428571428571429, 9.114285714285714, 9.8, 10.485714285714286, 11.17142857142857,
      11.857142857142858, 12.542857142857143, 13.228571428571428, 13.914285714285715, 14.6
    ],
    "average_prediction": [
      631.3527144877374, 631.3527144877374, 631.3621941328556, 631.3575004882905, 631.7537098377912,
      631.7537098377912, 631.7537098377912, 631.7535926604286, 631.755524485905, 631.7553690347088,
      631.8358592556601, 631.8358592556601, 631.5960439663912, 631.8281718186817, 631.8281718186817
    ]
  },
  "battery_weight_ratio": {
    "grid": [
      0.0103092783505154, 2.39052528227786, 4.7707412862052045, 7.150957290132549,
      9.531173294059894, 11.911389297987238, 14.291605301914583, 16.671821305841927,
      19.052037309769272, 21.432253313696616, 23.81246931762396, 26.192685321551306,
      28.57290132547865, 30.953117329405995, 33.333333333333336
    ],
    "average_prediction": [
      631.8609376033797, 631.6134223551768, 631.6134223551768, 631.6134301566173, 631.3698250564352,
      631.3698250564352, 631.3698250564352, 631.3698250564352, 631.3698250564352, 631.3698466558102,
      631.3698466558102, 631.3691487121463, 631.3703108376429, 631.3703494835102, 631.3703494835102
    ]
  },
  "ram_weight_ratio": {
    "grid": [
      0.0030612244897959, 0.009053745721891222, 0.015046266953986543, 0.021038788186081864,
      0.027031309418177187, 0.03302383065027251, 0.03901635188236783, 0.04500887311446315,
      0.051001394346558475, 0.0569939155786538, 0.06298643681074913, 0.06897895804284444,
      0.07497147927493976, 0.08096400050703509, 0.0869565217391304
    ],
    "average_prediction": [
      631.6791654551059, 631.7003038156662, 631.7002431077742, 631.6992624741903, 631.7008151936261,
      631.7005682756702, 631.718646927115, 631.6898358444589, 631.6899181000995, 631.6890079668691,
      631.6616310977412, 631.661423943581, 631.6613130880316, 631.6396692725708, 631.7357711988955
    ]
  },
  "ram_battery_interaction_v2": {
    "grid": [
      0.006, 10.874142857142857, 21.742285714285714, 32.61042857142857, 43.47857142857143,
      54.346714285714285, 65.21485714285714, 76.083, 86.95114285714286, 97.81928571428571,
      108.68742857142857, 119.55557142857143, 130.42371428571428, 141.29185714285714, 152.16
    ],
    "average_prediction": [
      631.686823762704, 631.7182065350805, 631.7182065350805, 631.7167882151524, 631.7167882151524,
      631.7167882151524, 631.7167915677767, 631.7167915677767, 631.7167915677767, 631.7167915677767,
      631.714614080258, 631.714614080258, 631.714614080258, 631.7086759340823, 631.6466721274418
    ]
  },
  "Mobile Weight": {
    "grid": [
      135.0, 177.64285714285714, 220.28571428571428, 262.92857142857144, 305.57142857142856,
      348.2142857142857, 390.8571428571429, 433.5, 476.14285714285717, 518.7857142857143,
      561.4285714285714, 604.0714285714287, 646.7142857142858, 689.3571428571429, 732.0
    ],
    "average_prediction": [
      631.6988350378558, 631.6985691451656, 631.7243440472287, 631.7243440472287, 631.7243351074279,
      631.7243351074279, 631.7243351074279, 631.7243254455045, 631.72083949492, 631.6857299875184,
      631.6857299875184, 631.6998727905293, 631.6998727905293, 631.6998727905293, 631.6958876487015
    ]
  },
  "screen_weight_ratio": {
    "grid": [
      0.0149851632047477, 0.016957847241981964, 0.018930531279216227, 0.020903215316450494,
      0.022875899353684757, 0.02484858339091902, 0.026821267428153286, 0.02879395146538755,
      0.030766635502621813, 0.03273931953985608, 0.03471200357709034, 0.036684687614324606,
      0.03865737165155887, 0.04063005568879313, 0.0426027397260274
    ],
    "average_prediction": [
      631.7039779645562, 631.7039779645562, 631.7039779645562, 631.7039926450536, 631.700362092623,
      631.6999900626327, 631.6999900626327, 631.6999753360805, 631.7000095333823, 631.6994752281447,
      631.699449358763, 631.7103212752369, 631.7020434834475, 631.7020434834475, 631.7020434834475
    ]
  }
}
